32,amolina,2
36,amorris,2
40,amurphy,2
44,anording,2
48,aoreilly,2
61,arodrigu,2
69,asearcy,2
82,atannehi,2
115,blucia,2
129,canderso,2
133,cbelt,2
137,cbruneau,2
141,cbutcher,2
157,cdundorf,2
171,chuey,2
179,cloomis,2
183,cmclaugh,2
191,cmorgan,2
199,cpallott,2
203,cpatrick,2
207,Csander,2
215,csills,2
227,cvandome,2
240,dadavids,2
244,dbadri,2
256,dcrump,2
264,ddavidso,2
272,ddorn,2
276,delking,2
289,dhanna,2
293,dhickok,2
301,dhuey,2
310,djundt,2
326,dlewis,2
330,dlomax,2
334,dlthornt,2
343,dmontgom,2
366,dritchie,2
370,dtsongas,2
374,dwilson,2
379,ebeck,2
413,gminor,2
417,gquay,2
421,gsigmund,2
435,hlee,2
439,hlim,2
445,htriplet,2
455,jalbrech,2
462,jbeach,2
470,jbowers,2
482,jchamber,2
486,jcheng,2
491,jcromie,2
495,jcunning,2
512,jdow,2
516,jdunaway,2
524,jelliott,2
528,jfasulo,2
553,jjosifek,2
558,jkinney,2
562,jkopet,2
616,kbradach,2
620,kcloud,2
624,kcopley,2
632,kengstro,2
636,kglankle,2
641,khanken,2
650,khenry,2
664,kmanders,2
680,kpappas,2
709,lbaxter,2
726,leshlema,2
735,lhackett,2
743,lhbrowni,2
751,livan,2
763,llee,2
772,lmontoya,2
777,lotey,2
793,lreisser,2
797,lrodrigu,2
822,mamiller,2
826,marpin,2
834,mbader,2
838,mbailey,2
859,mfriedma,2
872,mholt,2
876,mjmorris,2
884,mkirk,2
889,mlee,2
897,mmahon,2
930,mmorrow,2
934,mmorton,2
946,mrsteven,2
954,nbarone,2
958,ncloud,2
966,nharris,2
975,nlong,2
980,npatters,2
984,npfund,2
988,nrodrigu,2
996,nstouten,2
1000,nvinson,2
1008,pahill,2
1016,pchrista,2
1024,pgalbret,2
1029,phallora,2
1033,phardin,2
1037,pheinric,2
1049,pjohnson,2
1057,pmccoy,2
1061,pmillert,2
1078,pwhess,2
1083,raditham,2
1092,rbotts,2
1097,rbroich,2
1101,rburwell,2
1111,rdavis,2
1138,rmckenna,2
1150,rscovel,2
1162,rsuarez,2
1188,scmorgan,2
1192,scook,2
1198,sdykes,2
1210,sfrank,2
1241,snorton,2
1285,tbillick,2
1293,tdowd,2
1301,tfairban,2
1309,tgeer,2
1313,tgerhard,2
1317,tho,2
1321,thunt,2
1326,tmayes,2
1334,tmcneil,2
1338,tmoore,2
1351,tparrish,2
1356,tsielsch,2
1360,tsinghai,2
1384,yalemu,2
1388,yduerr,2
